{"MARINE PARADE": 0.7538321231496925, "PIONEER": 0.492115157540593, "JURONG WEST": 0.8297534584015854, "KALLANG": 0.8311339567680348, "NOVENA": 0.8111337159361255, "PASIR RIS": 0.8056660248976993, "HOUGANG": 0.8692036649675092, "JURONG EAST": 0.8188795057562189, "LIM CHU KANG": 0.7233531793621465, "MANDAI": 0.5802305728471904, "ANG MO KIO": 0.8399122307824934, "BEDOK": 0.8318728485641187, "BISHAN": 0.7321676732069538, "BOON LAY": 0.2811399053346807, "BUKIT BATOK": 0.7816221595881708, "BUKIT MERAH": 0.3160193080693516, "TANGLIN": 0.5608761743202584, "BUKIT PANJANG": 0.7447612689761991, "BUKIT TIMAH": 0.42041142228546935, "GEYLANG": 0.788952073457705, "SELETAR": 0.42176356552981803, "SENGKANG": 0.7668616110100992, "SERANGOON": 0.7048362266152669, "DOWNTOWN CORE": 0.8180169607487175, "SUNGEI KADUT": 0.7473310025472732, "TAMPINES": 0.8771807803808263, "ORCHARD": NaN, "OUTRAM": NaN, "TENGAH": 0.8116931493388724, "TOA PAYOH": 0.8555950453717676, "WOODLANDS": 0.8091083854239397, "MARINA SOUTH": NaN, "SINGAPORE RIVER": 0.3308241009753392, "STRAITS VIEW": NaN, "SOUTHERN ISLANDS": 0.6645901109727198, "TUAS": 0.4216502957067229, "WESTERN WATER CATCHMENT": 0.7820900704986006, "YISHUN": 0.8201108126409049, "MUSEUM": 0.5348344845001823, "NEWTON": 0.27574141687589626, "CHOA CHU KANG": 0.7534540910797691, "CLEMENTI": 0.7976799207319292, "PAYA LEBAR": 0.3270967308401171, "PUNGGOL": 0.7764871724296166, "QUEENSTOWN": 0.7693593949268882, "SEMBAWANG": 0.7868333527724242, "CENTRAL WATER CATCHMENT": 0.3978857310621956, "CHANGI": 0.5088829408337238, "RIVER VALLEY": 0.28082428859896014, "ROCHOR": 0.41204451484117705}